CHROM,POS,ID,REF,ALT
CP029543.1,73,.,A,
CP029543.1,5434,.,TCGACGACG,
CP029543.1,5839,.,GTTT,
CP029543.1,8737,.,T,
CP029543.1,11241,.,TGAT,
CP029543.1,13565,.,C,
CP029543.1,13801,.,T,
CP029543.1,13900,.,C,
CP029543.1,15390,.,A,
CP029543.1,22492,.,G,
CP029543.1,22913,.,A,
CP029543.1,23168,.,C,
CP029543.1,38206,.,C,
CP029543.1,46863,.,G,
CP029543.1,56865,.,T,
CP029543.1,58382,.,C,
CP029543.1,59999,.,G,
CP029543.1,64101,.,C,
CP029543.1,64216,.,C,
CP029543.1,72756,.,AG,
CP029543.1,76395,.,AG,
CP029543.1,82578,.,GC,
CP029543.1,98365,.,A,
CP029543.1,102383,.,C,
CP029543.1,105514,.,G,
CP029543.1,107452,.,C,
CP029543.1,171402,.,C,
CP029543.1,174066,.,G,
CP029543.1,179131,.,G,
CP029543.1,183283,.,CGG,
CP029543.1,199560,.,A,
CP029543.1,199645,.,TG,
CP029543.1,199646,.,G,
CP029543.1,201318,.,C,
CP029543.1,209472,.,T,
CP029543.1,236265,.,T,
CP029543.1,242453,.,C,
CP029543.1,251182,.,CTTT,
CP029543.1,251183,.,T,
CP029543.1,251962,.,G,
CP029543.1,252747,.,C,
CP029543.1,261337,.,T,
CP029543.1,267103,.,T,
CP029543.1,267105,.,A,
CP029543.1,268946,.,G,
CP029543.1,297848,.,C,
CP029543.1,303605,.,GCCC,
CP029543.1,312414,.,T,
CP029543.1,317238,.,C,
CP029543.1,319811,.,G,
CP029543.1,329148,.,CAA,
CP029543.1,338528,.,G,
CP029543.1,354192,.,A,
CP029543.1,355672,.,C,
CP029543.1,357956,.,AGTG,
CP029543.1,375949,.,GC,
CP029543.1,387837,.,C,
CP029543.1,391387,.,T,
CP029543.1,393084,.,CA,
CP029543.1,398822,.,C,
CP029543.1,421110,.,T,
CP029543.1,460981,.,C,
CP029543.1,469032,.,G,
CP029543.1,486453,.,T,
CP029543.1,492853,.,C,
CP029543.1,493001,.,G,
CP029543.1,507125,.,GAA,
CP029543.1,507204,.,C,
CP029543.1,511358,.,A,
CP029543.1,520897,.,G,
CP029543.1,526019,.,C,
CP029543.1,530160,.,C,
CP029543.1,530234,.,T,
CP029543.1,531536,.,GGCAAGCAAG,
CP029543.1,545489,.,G,
CP029543.1,585349,.,T,
CP029543.1,590585,.,T,
CP029543.1,618209,.,C,
CP029543.1,620604,.,G,
CP029543.1,620884,.,TTG,
CP029543.1,636960,.,C,
CP029543.1,656149,.,ACCC,
CP029543.1,671396,.,G,
CP029543.1,671397,.,G,
CP029543.1,671398,.,CT,
CP029543.1,699169,.,G,
CP029543.1,711097,.,G,
CP029543.1,712588,.,C,
CP029543.1,727981,.,C,
CP029543.1,730745,.,G,
CP029543.1,730785,.,T,
CP029543.1,733176,.,AG,
CP029543.1,736841,.,C,
CP029543.1,759126,.,G,
CP029543.1,761451,.,CTGT,
CP029543.1,774869,.,G,
CP029543.1,786400,.,C,
CP029543.1,801490,.,T,
CP029543.1,807970,.,A,
CP029543.1,810939,.,T,
CP029543.1,811416,.,A,
CP029543.1,826671,.,C,
CP029543.1,840905,.,A,
CP029543.1,844721,.,C,
CP029543.1,845666,.,CA,
CP029543.1,863614,.,GTTT,
CP029543.1,884313,.,C,
CP029543.1,889430,.,A,
CP029543.1,889735,.,C,
CP029543.1,892404,.,C,
CP029543.1,898321,.,G,
CP029543.1,901840,.,AC,
CP029543.1,908443,.,G,
CP029543.1,910656,.,G,
CP029543.1,911714,.,TGG,
CP029543.1,932469,.,G,
CP029543.1,942227,.,C,
CP029543.1,944196,.,TCGC,
CP029543.1,945578,.,G,
CP029543.1,950893,.,T,
CP029543.1,956404,.,A,
CP029543.1,969125,.,G,
CP029543.1,975646,.,C,
CP029543.1,994367,.,G,
CP029543.1,995507,.,CT,
CP029543.1,996015,.,T,
CP029543.1,996020,.,G,
CP029543.1,996094,.,CCCCACCA,
CP029543.1,1021384,.,G,
CP029543.1,1040687,.,C,
CP029543.1,1050183,.,C,
CP029543.1,1053138,.,G,
CP029543.1,1069685,.,C,
CP029543.1,1069686,.,A,
CP029543.1,1079028,.,C,
CP029543.1,1080349,.,T,
CP029543.1,1084876,.,C,
CP029543.1,1088870,.,C,
CP029543.1,1102331,.,T,
CP029543.1,1104568,.,T,
CP029543.1,1105990,.,T,
CP029543.1,1108979,.,G,
CP029543.1,1109788,.,C,
CP029543.1,1113975,.,GC,
CP029543.1,1132727,.,A,
CP029543.1,1133783,.,G,
CP029543.1,1135955,.,C,
CP029543.1,1140891,.,T,
CP029543.1,1146720,.,G,
CP029543.1,1161356,.,C,
CP029543.1,1164843,.,C,
CP029543.1,1177544,.,C,
CP029543.1,1184750,.,TGGG,
CP029543.1,1190663,.,G,
CP029543.1,1190771,.,A,
CP029543.1,1196942,.,CGGG,
CP029543.1,1196944,.,GGTGTGTGT,
CP029543.1,1206530,.,C,
CP029543.1,1209963,.,C,
CP029543.1,1225024,.,A,
CP029543.1,1225079,.,AC,
CP029543.1,1225321,.,G,
CP029543.1,1226973,.,G,
CP029543.1,1230025,.,T,
CP029543.1,1239492,.,C,
CP029543.1,1240121,.,GC,
CP029543.1,1253056,.,C,
CP029543.1,1259033,.,G,
CP029543.1,1273558,.,C,
CP029543.1,1275442,.,G,
CP029543.1,1283975,.,C,
CP029543.1,1296834,.,C,
CP029543.1,1307188,.,T,
CP029543.1,1308519,.,TT,
CP029543.1,1308586,.,A,
CP029543.1,1308762,.,C,
CP029543.1,1308790,.,G,
CP029543.1,1308791,.,A,
CP029543.1,1308792,.,C,
CP029543.1,1308832,.,T,
CP029543.1,1308834,.,T,
CP029543.1,1308835,.,A,
CP029543.1,1308856,.,T,
CP029543.1,1308899,.,A,
CP029543.1,1308909,.,C,
CP029543.1,1308918,.,T,
CP029543.1,1308935,.,G,
CP029543.1,1308947,.,T,
CP029543.1,1309028,.,C,
CP029543.1,1309063,.,T,
CP029543.1,1309066,.,G,
CP029543.1,1309084,.,C,
CP029543.1,1309106,.,T,
CP029543.1,1309130,.,T,
CP029543.1,1309132,.,T,
CP029543.1,1309135,.,C,
CP029543.1,1309136,.,G,
CP029543.1,1309148,.,A,
CP029543.1,1309178,.,A,
CP029543.1,1309180,.,T,
CP029543.1,1309214,.,G,
CP029543.1,1309241,.,A,
CP029543.1,1309265,.,A,
CP029543.1,1309268,.,A,
CP029543.1,1309300,.,A,
CP029543.1,1309339,.,G,
CP029543.1,1309381,.,T,
CP029543.1,1309397,.,T,
CP029543.1,1309398,.,A,
CP029543.1,1309428,.,A,
CP029543.1,1309465,.,C,
CP029543.1,1309477,.,A,
CP029543.1,1309487,.,T,
CP029543.1,1309512,.,T,
CP029543.1,1309564,.,GCA,
CP029543.1,1309636,.,T,
CP029543.1,1309639,.,C,
CP029543.1,1309640,.,T,
CP029543.1,1309671,.,G,
CP029543.1,1309674,.,A,
CP029543.1,1309685,.,C,
CP029543.1,1309739,.,C,
CP029543.1,1309740,.,A,
CP029543.1,1309746,.,T,
CP029543.1,1309749,.,C,
CP029543.1,1309750,.,A,
CP029543.1,1309784,.,G,
CP029543.1,1309788,.,C,
CP029543.1,1309789,.,A,
CP029543.1,1309794,.,T,
CP029543.1,1309795,.,A,
CP029543.1,1309830,.,C,
CP029543.1,1309851,.,G,
CP029543.1,1309887,.,C,
CP029543.1,1309937,.,T,
CP029543.1,1309947,.,T,
CP029543.1,1309961,.,A,
CP029543.1,1309968,.,T,
CP029543.1,1309986,.,T,
CP029543.1,1309990,.,C,
CP029543.1,1309999,.,A,
CP029543.1,1310000,.,T,
CP029543.1,1310001,.,C,
CP029543.1,1310391,.,T,
CP029543.1,1310394,.,A,
CP029543.1,1310453,.,G,
CP029543.1,1310465,.,T,
CP029543.1,1310484,.,A,
CP029543.1,1310492,.,C,
CP029543.1,1310494,.,C,
CP029543.1,1310880,.,T,
CP029543.1,1310883,.,A,
CP029543.1,1310899,.,C,
CP029543.1,1310962,.,G,
CP029543.1,1310978,.,A,
CP029543.1,1311128,.,G,
CP029543.1,1311204,.,A,
CP029543.1,1311213,.,T,
CP029543.1,1311225,.,G,
CP029543.1,1311226,.,T,
CP029543.1,1311231,.,G,
CP029543.1,1311232,.,G,
CP029543.1,1311306,.,G,
CP029543.1,1311310,.,A,
CP029543.1,1311311,.,C,
CP029543.1,1311312,.,C,
CP029543.1,1311313,.,A,
CP029543.1,1311435,.,A,
CP029543.1,1311487,.,A,
CP029543.1,1311498,.,C,
CP029543.1,1311505,.,A,
CP029543.1,1311506,.,A,
CP029543.1,1311507,.,A,
CP029543.1,1311539,.,C,
CP029543.1,1311579,.,G,
CP029543.1,1311580,.,T,
CP029543.1,1311588,.,T,
CP029543.1,1311608,.,A,
CP029543.1,1311610,.,A,
CP029543.1,1311620,.,C,
CP029543.1,1311765,.,T,
CP029543.1,1311791,.,C,
CP029543.1,1311793,.,G,
CP029543.1,1311806,.,G,
CP029543.1,1311814,.,A,
CP029543.1,1311848,.,C,
CP029543.1,1312321,.,T,
CP029543.1,1312327,.,A,
CP029543.1,1312329,.,A,
CP029543.1,1312334,.,T,
CP029543.1,1312336,.,A,
CP029543.1,1312419,.,G,
CP029543.1,1312426,.,A,
CP029543.1,1312432,.,T,
CP029543.1,1312442,.,A,
CP029543.1,1312448,.,T,
CP029543.1,1312454,.,G,
CP029543.1,1312460,.,T,
CP029543.1,1312467,.,C,
CP029543.1,1312560,.,T,
CP029543.1,1312562,.,A,
CP029543.1,1312563,.,A,
CP029543.1,1312575,.,A,
CP029543.1,1312576,.,T,
CP029543.1,1312579,.,A,
CP029543.1,1312581,.,T,
CP029543.1,1312595,.,C,
CP029543.1,1312619,.,T,
CP029543.1,1312631,.,A,
CP029543.1,1312794,.,T,
CP029543.1,1312810,.,C,
CP029543.1,1312839,.,T,
CP029543.1,1312873,.,A,
CP029543.1,1312880,.,C,
CP029543.1,1312883,.,T,
CP029543.1,1312893,.,G,
CP029543.1,1312894,.,C,
CP029543.1,1312903,.,A,
CP029543.1,1312914,.,G,
CP029543.1,1312960,.,T,
CP029543.1,1312976,.,T,
CP029543.1,1312978,.,T,
CP029543.1,1312988,.,G,
CP029543.1,1312990,.,G,
CP029543.1,1312991,.,T,
CP029543.1,1313004,.,A,
CP029543.1,1313104,.,A,
CP029543.1,1313107,.,C,
CP029543.1,1313108,.,A,
CP029543.1,1313145,.,C,
CP029543.1,1313170,.,T,
CP029543.1,1313185,.,T,
CP029543.1,1313219,.,T,
CP029543.1,1313263,.,T,
CP029543.1,1313274,.,T,
CP029543.1,1318070,.,CTT,
CP029543.1,1318708,.,ACTCT,
CP029543.1,1341001,.,C,
CP029543.1,1357753,.,T,
CP029543.1,1372731,.,GC,
CP029543.1,1372894,.,C,
CP029543.1,1373407,.,TTT,
CP029543.1,1373408,.,TT,
CP029543.1,1373409,.,TGG,
CP029543.1,1373540,.,GT,
CP029543.1,1373541,.,TA,
CP029543.1,1373542,.,AGT,
CP029543.1,1373650,.,AAC,
CP029543.1,1378631,.,C,
CP029543.1,1391861,.,T,
CP029543.1,1415562,.,G,
CP029543.1,1433821,.,CTAATAATA,
CP029543.1,1438206,.,G,
CP029543.1,1438982,.,C,
CP029543.1,1444554,.,TGACC,
CP029543.1,1459863,.,G,
CP029543.1,1476238,.,T,
CP029543.1,1484204,.,G,
CP029543.1,1491435,.,G,
CP029543.1,1493672,.,A,
CP029543.1,1494137,.,GCACACACACACACACACAC,
CP029543.1,1508537,.,G,
CP029543.1,1508691,.,A,
CP029543.1,1519307,.,G,
CP029543.1,1538889,.,T,
CP029543.1,1547913,.,G,
CP029543.1,1550161,.,AGTGTG,
CP029543.1,1550916,.,C,
CP029543.1,1562591,.,A,
CP029543.1,1564227,.,G,
CP029543.1,1582698,.,T,
CP029543.1,1584754,.,TAAA,
CP029543.1,1595606,.,A,
CP029543.1,1601146,.,G,
CP029543.1,1608623,.,AT,
CP029543.1,1608625,.,C,
CP029543.1,1636411,.,A,
CP029543.1,1646732,.,GGCGCGCG,
CP029543.1,1658884,.,C,
CP029543.1,1670057,.,CA,
CP029543.1,1672690,.,AC,
CP029543.1,1675675,.,C,
CP029543.1,1687268,.,A,
CP029543.1,1691309,.,CAGA,
CP029543.1,1723365,.,CCTCT,
CP029543.1,1747249,.,G,
CP029543.1,1747250,.,G,
CP029543.1,1767217,.,G,
CP029543.1,1771603,.,C,
CP029543.1,1777388,.,GC,
CP029543.1,1784939,.,C,
CP029543.1,1790202,.,C,
CP029543.1,1798188,.,T,
CP029543.1,1804879,.,GATAT,
CP029543.1,1815955,.,A,
CP029543.1,1818928,.,G,
CP029543.1,1819480,.,C,
CP029543.1,1824293,.,T,
CP029543.1,1824295,.,T,
CP029543.1,1874166,.,G,
CP029543.1,1880094,.,T,
CP029543.1,1890631,.,G,
CP029543.1,1903689,.,C,
CP029543.1,1906264,.,T,
CP029543.1,1912232,.,TC,
CP029543.1,1916204,.,G,
CP029543.1,1916490,.,G,
CP029543.1,1921535,.,G,
CP029543.1,1929827,.,C,
CP029543.1,1959047,.,C,
CP029543.1,1962787,.,T,
CP029543.1,1966360,.,G,
CP029543.1,1979585,.,C,
CP029543.1,1992866,.,AGT,
CP029543.1,1992868,.,TC,
CP029543.1,2027516,.,C,
CP029543.1,2078567,.,C,
CP029543.1,2085903,.,A,
CP029543.1,2094646,.,G,
CP029543.1,2095420,.,A,
CP029543.1,2102923,.,C,
CP029543.1,2103061,.,G,
CP029543.1,2109181,.,C,
CP029543.1,2109206,.,ACCC,
CP029543.1,2111480,.,C,
CP029543.1,2111482,.,CG,
CP029543.1,2111556,.,CT,
CP029543.1,2111557,.,T,
CP029543.1,2111557,.,T,
CP029543.1,2115501,.,G,
CP029543.1,2116221,.,G,
CP029543.1,2125161,.,C,
CP029543.1,2127054,.,C,
CP029543.1,2150306,.,C,
CP029543.1,2180016,.,C,
CP029543.1,2180778,.,C,
CP029543.1,2189874,.,G,
CP029543.1,2198648,.,G,
CP029543.1,2200980,.,T,
CP029543.1,2242330,.,T,
CP029543.1,2245441,.,CGT,
CP029543.1,2245442,.,GT,
CP029543.1,2245443,.,TC,
CP029543.1,2245444,.,C,
CP029543.1,2254855,.,TCCC,
CP029543.1,2294846,.,G,
CP029543.1,2294847,.,T,
CP029543.1,2294850,.,GC,
CP029543.1,2296055,.,C,
CP029543.1,2311456,.,C,
CP029543.1,2315718,.,C,
CP029543.1,2352122,.,G,
CP029543.1,2369491,.,C,
CP029543.1,2388863,.,G,
CP029543.1,2394324,.,A,
CP029543.1,2398765,.,A,
CP029543.1,2402258,.,TG,
CP029543.1,2407621,.,T,
CP029543.1,2420487,.,CAA,
CP029543.1,2423176,.,ATTTTTTT,
CP029543.1,2430794,.,T,
CP029543.1,2434860,.,C,
CP029543.1,2439501,.,A,
CP029543.1,2470405,.,G,
CP029543.1,2478158,.,G,
CP029543.1,2492244,.,G,
CP029543.1,2503491,.,G,
CP029543.1,2539657,.,CC,
CP029543.1,2541424,.,C,
CP029543.1,2572799,.,T,
CP029543.1,2576409,.,C,
CP029543.1,2586513,.,ACTC,
CP029543.1,2597205,.,C,
CP029543.1,2605458,.,G,
CP029543.1,2629988,.,G,
CP029543.1,2644096,.,A,
CP029543.1,2645087,.,C,
CP029543.1,2646336,.,TA,
CP029543.1,2669914,.,C,
CP029543.1,2698052,.,C,
CP029543.1,2699027,.,G,
CP029543.1,2750830,.,C,
CP029543.1,2757705,.,A,
CP029543.1,2765976,.,C,
CP029543.1,2766750,.,ACT,
CP029543.1,2777426,.,C,
CP029543.1,2787063,.,GG,
CP029543.1,2787066,.,A,
CP029543.1,2797522,.,AG,
CP029543.1,2797683,.,C,
CP029543.1,2802699,.,CA,
CP029543.1,2803211,.,G,
CP029543.1,2807612,.,G,
CP029543.1,2862358,.,C,
CP029543.1,2865912,.,T,
CP029543.1,2870946,.,CCT,
CP029543.1,2877624,.,G,
CP029543.1,2877626,.,G,
CP029543.1,2877627,.,G,
CP029543.1,2877683,.,C,
CP029543.1,2877771,.,CGG,
CP029543.1,2882057,.,A,
CP029543.1,2915603,.,G,
CP029543.1,2915626,.,T,
CP029543.1,2915629,.,G,
CP029543.1,2915632,.,T,
CP029543.1,2915641,.,A,
CP029543.1,2915686,.,G,
CP029543.1,2915701,.,T,
CP029543.1,2915725,.,G,
CP029543.1,2915737,.,G,
CP029543.1,2915739,.,G,
CP029543.1,2916426,.,T,
CP029543.1,2924062,.,C,
CP029543.1,2925347,.,AC,
CP029543.1,2930201,.,AC,
CP029543.1,2934424,.,C,
CP029543.1,2935504,.,A,
CP029543.1,2965986,.,T,
CP029543.1,2988644,.,G,
CP029543.1,3024322,.,A,
CP029543.1,3025084,.,G,
CP029543.1,3064284,.,C,
CP029543.1,3065604,.,G,
CP029543.1,3065786,.,CATC,
CP029543.1,3075440,.,C,
CP029543.1,3084560,.,C,
CP029543.1,3111982,.,T,
CP029543.1,3114050,.,T,
CP029543.1,3114629,.,TA,
CP029543.1,3114686,.,G,
CP029543.1,3114720,.,C,
CP029543.1,3135862,.,G,
CP029543.1,3140073,.,CG,
CP029543.1,3140652,.,C,
CP029543.1,3145277,.,TGGG,
CP029543.1,3145998,.,T,
CP029543.1,3149637,.,GAC,
CP029543.1,3155537,.,G,
CP029543.1,3157787,.,C,
CP029543.1,3163020,.,A,
CP029543.1,3167108,.,T,
CP029543.1,3173789,.,T,
CP029543.1,3180533,.,G,
CP029543.1,3181566,.,T,
CP029543.1,3183243,.,C,
CP029543.1,3183526,.,C,
CP029543.1,3184645,.,G,
CP029543.1,3186527,.,A,
CP029543.1,3186884,.,G,
CP029543.1,3186935,.,G,
